店家名稱,地址,電話
2025台中美食推薦》40間在地人也推薦的特色超值台中餐廳！ - Klook 客路部落格,N/A,N/A
深紅汕頭鍋物 台中美食火鍋｜深紅汕頭鍋物這裡主打新鮮直送的活體海鮮，每一口都能感受到來自海洋的鮮美。,台中市北屯區昌平東五路256號電話：04 2422 7706開放時間：週一17:00-,04 2422 7706
正宗卜卜蜆,台中市西區公益路258號電話：04-23286168週一至週四12:00 - 23:3,04-23286168
銅錵和牛海鮮鍋物相信火鍋總是大家聚餐的首選吧！銅錵鍋日式涮涮鍋堪稱是火鍋界的 LV，從門面到內部裝潢,台中市南屯區公益路二段 830 號電話：(04) 2258-1135時間：11:30-,(04) 2258-1135
萬客什鍋爆夯的台中火鍋名店「萬客十鍋」，在台中總共有 5 家分店，是以台菜發想出的個人石頭小火鍋，將,台中市西區美村路一段 185-1 號電話：(04) 2305-1333時間：11:30,(04) 2305-1333
月暮藏涮涮鍋從整棟建築物外觀望去，真的很難想像竟然是火鍋店。除了獨棟的落地玻璃，提供高檔食材，甚至有,台中市西屯區馬龍潭路 219 號電話：(04) 2251-3555時間：11:00~1,(04) 2251-3555
湯棧知名火鍋餐飲集團輕井澤旗下品牌「湯棧」，也是一家湯頭特別的鍋物店，目前在台中有兩家分店，分別位於,台中市南屯區公益路二段 248 號電話：(04) 2258-0617時間：11:00-,(04) 2258-0617
井閣精緻鍋物井閣精緻鍋物堅持選用頂級肉品，如美國Prime級牛肉、M9和牛、松阪豬，以及來自世界各地,台中市西區美村路一段27號電話：04 2329 0192如何前往：井閣鍋物位在美村路上,04 2329 0192
屋馬燒肉在台中雖然有 6 家分店，但有神之燒肉美譽的「屋馬燒肉」還是很難訂到位子。用餐環境乾淨明亮又,N/A,N/A
森森燒肉 台中美食,台中市南屯區公益路二段 211 號電話：(04) 2255-3361時間：11:00~,(04) 2255-3361
NikuNiku 肉肉燒肉 台中美食,台中市西屯區朝馬路 70 號電話：(04) 2258-0090時間：11:30~14:,(04) 2258-0090
茶六燒肉堂「茶六燒肉堂」也是台中燒肉界的熱門名店，品質也有保障。目前有 3 家分店位於台中，消費分成,台中市北屯區中清路二段 1037 號 2 樓電話：(04) 2425-1138時間：1,(04) 2425-1138
凱恩斯岩燒牛排 台中美食,台中市南屯區公益路二段536號電話：04-22543838營業時間：週一至週日11:3,04-22543838
赤鬼炙燒牛排 Source: 赤鬼炙燒牛排逢甲店臉書粉絲團想要有良好用餐環境、比夜市牛排更好的肉質，,台中市西屯區文華路11號電話：04 2452 7277時間：週一至四12:00~23:,04 2452 7277
踏親寵物親子餐廳 台中美食,台中市大甲區成功路221號電話：09-83669502營業時間：週日至週四11:00-,N/A
鹽之華法國餐廳用餐可以是一種優雅的享受，舉手投足間的品嚐變得緩慢，卻更能體會主廚對食材和烹調的用心，,台中市西屯區市政路 581-1 號電話：(04) 2252-0991時間：週三至週五1,(04) 2252-0991
法森小館台中老字號的法式餐廳「法森小館」，雖然沒有華麗誇張的裝潢，但餐點品質講究穩定且服務非常好。從,台中市西區存中街 22-1 號電話：(04) 2372-1339時間：11:30~15,(04) 2372-1339
中山招待所這個過去為美軍駐紮的老洋房，確實散發著歲月的洗鍊痕跡，後來由董事長戴勝堂先生打造成私人招待,台中市西區五權西六街 27 號電話：(04) 2377-0808時間：11:30~14,(04) 2377-0808
The Café By 想 台中地處於台中七期的高貴地段，獨棟的咖啡館，四周被落羽松包圍，還有錦鯉池,台中市南屯區惠中路二段 146 號電話：(04) 2251-6155時間：週一至週五,(04) 2251-6155
Les aqua 水相餐聚苑剛搬新家以嶄新店面示人的「Les aqua水相餐聚苑」，就是原本於 20,台中市北屯區經貿三路二段 100 號電話：(04) 2426-4288營業時間：週一至,(04) 2426-4288
亞丁尼義式麵屋「亞丁尼義式麵屋」是網美店裝潢的義式餐廳，風格年輕新潮，在台中共有 4 家分店，分別是,台中市西屯區西安街 170 號電話：(04) 2452-9227時間：11:30~21,(04) 2452-9227
LETTUCE Source: LETTUCE雷特斯臉書粉絲團逢甲夜市的美式漢堡餐廳LETTUCE，,"台中市西屯區福上巷329號營業時間：11:30–14:00, 17:00–21:00（",N/A
HUN貳 Source: Instagram @lei_food_eat 授權HUN貳是逢甲商圈裡超,台中市西屯區文華路217-8號營業時間：週一至週日11:00-22:00電話：04 2,04 2708 5878
竹之鄉風味餐廳竹之鄉風味餐廳，以特色的竹筒飯和山產料理聞名，更是被列入米其林必比登推薦的餐廳之一。餐,台中市北屯區東山路二段1號電話：04-22394321營業時間：週三至週五11:30-,04-22394321
台客燒肉粥台客燒肉粥是連續四年獲得米其林必比登推薦的中式傳統美食之一，主打的是地道的台灣燒肉粥。這家,台中市南屯區五權西路二段722-1號電話：04-23890880營業時間：11:30-,04-23890880
有春茶館有春茶館是一家風靡台中的台式飲品專賣店，主打經典的台式茶飲和各式小點心，這家店以復古風的裝潢,台中市南屯區大進街377號1樓電話：04-23221669營業時間：11:30 - 2,04-23221669
永心鳳茶永心鳳茶 是一家將台灣茶文化與現代餐飲結合的特色餐廳，以創新與傳統交織的方式，為食客帶來全新,台中市西區公益路68號3樓電話： 04-23221118營業時間：週一至週五11:30,04-23221118
葛瑞絲無國界廚房 台中美食,台中市北屯區中平路900號電話：04-23208909如何前往：至文華高中站騎Ubik,04-23208909
好菜 Küisine家常菜其實是編輯最常吃的，但要把家常搞得色香味俱全，又是一門功夫。「好菜 Küi,台中市西區模範街 24 巷 1 號電話：(04) 2305-2933時間：11:30~,(04) 2305-2933
鴨片館店家名稱「鴨片館」取得真有意思，讓人記憶深刻，很明顯地這裡提供鴨肉料理。即便過了用餐時間，門外,台中市南屯區文心南三路 555 號電話：(04) 3609-5555時間：週一至週五1,(04) 3609-5555
御饌臻品參加政府舉辦的第二屆臺灣炒飯王比賽，以京滬料理與北方麵食著稱的「御饌臻品」就榮獲了「中區地方,台中市西屯區安和路 127-27 號電話：(04) 2463-2929時間：11:00,(04) 2463-2929
MEN monster Source: MEN monster臉書粉絲團MEN monster是少見,台中市西屯區慶和街32號營業時間：週日、週一公休／週二至週六11:30-14:00、1,N/A
Mr.38咖哩 Source: Mr.38咖哩美食餐廳逢甲店Google商家Mr.38咖哩是台中在地,台中市西屯區至善路212號電話：04 2452 8188營業時間：週一至週日11:00,04 2452 8188
知戶酒食 Source: 知戶酒食Google商家到了逢甲逛完夜市想續攤小酌，推薦大家前往「知戶酒食,台中市西屯區文華路永新巷39號營業時間：週日至週四18:00-01:00、週五至週六1,N/A
激旨燒鳥 Source: 激旨燒鳥臉書粉絲團從小攤販開始經營到現今多家分店的「激旨燒鳥」，是許多在地,台中市西屯區文華路150巷18號電話：04-2451-8666營業時間：週日~二17:,04-2451-8666
泰鍍泰式料理「泰鍍泰式料理」在台中與豐原各有一家店，而台中店則是隱身在巷弄間的泰式美味，店面不是很寬,台中市豐原區惠陽街 137 號電話：(04) 2529-5542時間：11:30~20,(04) 2529-5542
Dim Sum Master 港點大師Dim Sum Master 港點大師以廣東點心為主打，專門提,台中市后里區福容路201號（台中麗寶Outlet Mall二期C棟2樓）電話：營業時間,N/A
刁民酸菜魚 Source: 刁民酸菜魚Google商家 Source: 刁民酸菜魚Google商家重,台中市西屯區福星路459號電話：04 2452 2666營業時間：週一至週日11:30,04 2452 2666
奎克咖啡「Cuiqu奎克咖啡」追求品質與效率的完美配合，每天選用自家烘焙頂級莊園咖啡豆，新鮮沖煮咖啡,台中市西屯區惠中路二段37號、39號1樓電話：04 2259 1233營業時間：09:,04 2259 1233
黑浮咖啡黑浮咖啡還提供多種輕食和正餐選擇，從三明治、沙拉到義大利麵、燉飯，餐點的多樣性讓顧客能輕鬆找,台中市北屯區崇德路三段207號電話：04 2422 0302台中美食｜手搖飲品推薦,04 2422 0302
吃茶三千-台灣概念店 台中美食｜吃茶三千-台灣概念店説到台中手搖飲品，怎麼能不推薦「吃茶三千」！這家,台中市南屯區大英街607號電話：0968 390 989如何前往：搭台中捷運至水安宮站,N/A
不夜天夜景餐廳夜景餐廳有誰不愛，在視野超廣闊的高處，一邊享用美味餐點，一邊欣賞著燈火璀璨的市區景觀，,台中市龍井區台灣大道六段55號電話：04-2652-9989時間：週二~五、日17:0,04-2652-9989
